Rendszám;Tulaj;Típus;Bal első kerék nyomása;Jobb első kerék nyomása;Bal hátsó kerék nyomása;Jobb hátsó kerék nyomása
WFW-269;MÉSZÁROS MIKÓ;HONDA CIVIC;2.611;2.911;0.791;3.55
MYO-006;JUHÁSZ VILTÉ;BMW X3;2.214;2.621;1.709;1.763
AVL-672;PINTÉR TÁMÁR M.;GM UPLANDER FWD;1.695;2.472;2.415;1.794
AXB-369;BALLA SOMA;GM STS AWD;2.617;2.351;1.933;1.674
BDA-677;MAJOR DOROTINA B.;VOLKSWAGEN A3 QUATTRO;2.703;2.974;2.795;2.128
QBC-884;BÁLINT VALENCIA B.;VOLVO S60 AWD;1.967;2.317;1.661;2.389
PHR-258;VÁRADI URZULINA F.;VOLVO XC 70 AWD;2.967;4.719;0.698;4.361
TVF-427;BIRÓ MINKA;DaimlerChrysler PACIFICA AWD;0.555;0.824;0.776;1.65
UOL-189;ILLÉS FRANCISKA E.;HONDA RL;1.574;1.992;2.559;2.083
MLK-103;KOZMA ZÓLYOM;BMW Z4 3.0 SI COUPE;1.74;1.975;2.02;2.285
BDY-062;PÁSZTOR FILEP W.;BMW 530I;2.209;1.711;1.599;2.305
KLG-827;PÁL FILLISZ;Ford FOCUS  FWD;1.834;2.917;1.878;2.725
NMN-375;ORSÓS MARGARITA;GM RENDEZVOUS FWD;2.364;4.86;3.685;2.801
AUT-735;SÁRKÖZI JOANA L.;MAZDA MX-5;2.068;2.54;2.818;1.81
HVM-436;BOGNÁR CÉZÁR;BMW 330CI CONVERTIBLE;2.953;4.24;1.571;0.565
EDG-334;BODNÁR SZÉPE R.;DaimlerChrysler WRANGLER/TJ 4WD;2.167;2.089;2.668;2.463
CFA-890;MÉSZÁROS BARS R.;KIA RIO;1.618;1.722;2.16;2.389
IOR-386;BOROS FÁRÁ U.;Mitsubishi OUTLANDER 4WD;2.326;2.014;1.798;2.603
UEW-479;LENGYEL MIKIÓ;DaimlerChrysler DAKOTA PICKUP 2WD;2.73;3.227;2.28;2.035
NGI-994;CSONKA REZSŐ H.;GM Daewoo VERONA;2.693;2.66;1.924;2.717
FMF-854;KIRÁLY FÁRÁ P.;GM C1500 YUKON 2WD;2.71;1.936;1.613;2.903
PKJ-654;BOROS GALATEA;JAGUAR S-TYPE 4.2 LITRE;2.743;2.784;2.975;1.898
CET-045;MEZEI TOMAZINA L.;DaimlerChrysler PACIFICA 2WD;1.812;2.541;1.74;1.955
JHM-557;KIRÁLY RIZA T.;MERCEDES BENZ ML500;2.373;2.414;1.877;2.034
QKP-492;TAMÁS FRODÓ H.;MASERATI QUATTROPORTE;1.913;3.553;1.007;4.285
ZCE-354;KIS SUDÁR Z.;DaimlerChrysler CARAVAN 2WD;2.471;2.797;2.26;2.494
FST-191;SIMON ATÁLIA A.;Bugatti VEYRON;2.484;1.886;2.28;2.149
SEU-677;NOVÁK LÍGIA G.;Mitsubishi GALANT;2.669;2.207;2.747;1.785
REW-406;LÁSZLÓ SÁMSON P.;FUJI IMPREZA WGN/OUTBACK SPT AWD;2.085;3.391;0.587;4.688
EYG-709;PATAKI HASSZÁN;Ford EXPLORER 4WD;2.135;3.68;1.096;3.342
TNI-370;NAGY TREVOR;TOYOTA SC 430;2.943;2.1;1.885;2.084
XFN-189;BOGDÁN BOZSENA;GM LACROSSE/ALLURE;2.584;2.394;2.621;2.316
EIX-612;PÁSZTOR SZTILLA;BMW M5;2.725;2.35;2.125;2.01
MEY-459;NOVÁK CSÁT;TOYOTA TOYOTA TACOMA 4WD;1.741;2.14;2.039;2.834
UWP-203;BOROS DONALD;Mitsubishi ENDEAVOR 4WD;1.536;2.336;1.983;1.805
ZGX-640;SZABÓ MIRKA O.;TOYOTA COROLLA MATRIX;2.168;1.815;1.826;2.604
QTF-387;BALOG RÍKA;MERCEDES BENZ ML350;1.898;1.565;1.544;1.881
NXE-634;SZŰCS BERTALAN G.;TOYOTA HIGHLANDER 2WD;1.895;2.914;1.898;2.918
COO-286;SÁRKÖZI ÖRKÖND;BMW M5;0.704;1.578;1.485;2.357
XKR-275;NOVÁK JARA M.;KIA SORENTO 4WD;1.978;1.23;4.45;1.689
JUR-143;DEÁK DAMARISZ;Ford CROWN VICTORIA POLICE;2.916;3.764;4.752;3.132
NXU-485;MAGYAR TEOFIL P.;MERCEDES BENZ MAYBACH 57S;1.777;2.895;2.537;1.871
WZK-329;KOZMA RITA W.;TOYOTA ES 330;2.331;2.44;2.502;2.747
LTF-481;SZÜCS ZÍLIÓ X.;JAGUAR XKR CONVERTIBLE;2.83;1.901;2.544;2.109
ATW-565;BUDAI DEZSŐ M.;BMW 325XI;2.949;3.568;3.42;3.656
AFB-185;ILLÉS ALBERT;MAZDA 5;1.708;2.876;1.524;2.185
IIL-818;FAZEKAS TARDOS P.;KIA OPTIMA;0.907;4.207;4.028;0.578
KMH-570;OLÁH LARGÓ;KIA AMANTI;1.526;1.622;2.161;1.775
WDJ-616;SZÉKELY NOLA J.;GM HHR FWD;1.16;2.117;3.408;4.323
FXV-641;VÖRÖS DÁNIEL Q.;Ford TOWN CAR;2.508;2.09;2.053;2.987
QIM-398;PÁL SZÁVA;LAMBORGHINI L-147/148 MURCIELAGO;2.668;2.328;2.853;1.787
YYI-065;BIRÓ JÓZSUÉ;TOYOTA TOYOTA TACOMA 4WD;2.183;0.643;4.125;2.89
UZA-500;MÁRTON MARINETTA O.;GM IMPALA;2.065;2.534;2.032;2.178
NUS-424;FAZEKAS KEMÁL D.;Ford EXPLORER 4WD;2.98;4.649;2.593;1.687
TMR-041;KEREKES ROXÁN;GM TRAILBLAZER 4WD;1.997;2.998;2.98;2.268
LXM-597;PINTÉR TULLIA Z.;VOLVO V70 R AWD;4.184;0.556;2.532;3.228
BLW-129;KATONA AGGEUS;BMW X5 4.8IS;2.571;2.174;2.359;2.082
FPX-200;FÜLÖP LEÓ T.;HONDA ODYSSEY 2WD;2.768;1.761;2.291;2.43
FSC-405;KIS FRUZSINA;MERCEDES BENZ MAYBACH 57S;2.026;2.013;2.603;1.693
BPM-789;BOGNÁR BIRGIT;JAGUAR XKR CONVERTIBLE;1.816;2.324;2.209;2.066
HRZ-950;PAP CELERINA B.;Ford THUNDERBIRD;2.403;2.709;1.577;2.941
LGP-766;MEZEI LIEM Y.;Nissan TITAN 2WD;1.751;3.294;2.088;0.6
SBD-663;ILLÉS ELMÁR;VOLKSWAGEN PASSAT WAGON 4MOTION;1.544;2.409;1.906;1.689
UND-409;NÉMETH KENÉZ;Nissan PATHFINDER 2WD;4.868;0.895;1.667;2.488
XPS-837;JUHÁSZ AZIZA;TOYOTA 4RUNNER 2WD;2.966;1.97;1.81;1.965
MUP-013;SOMOGYI ARNÓ;VOLKSWAGEN PASSAT WAGON 4MOTION;2.115;1.814;2.738;2.1
CSY-959;ORBÁN JÓZSIÁS O.;HONDA CIVIC HYBRID;1.993;4.38;3.697;1.761
HTC-694;BARTA MIU Y.;MERCEDES BENZ SL600;2.434;2.347;1.95;2.319
PFH-257;BALOG ÁRÉSZ;GM K1500 TAHOE 4WD;4.798;3.156;4.009;3.711
XSU-543;VASS KAPISZTRÁN;BMW 525I;1.935;2.363;2.598;2.427
ZOO-855;TAMÁS NIMFA;MERCEDES BENZ SLK280;1.501;2.245;2.751;1.561
DND-694;JÓNÁS ANDREA;Mitsubishi GALANT;2.464;1.73;1.624;2.958
JIR-322;ORSÓS ANNALEILA O.;TOYOTA RX 400H 4WD;3.93;4.643;3.541;3.057
QHH-269;FARAGÓ VETTI;TOYOTA SEQUOIA 4WD;1.711;1.863;2.111;2.761
KVC-837;SZEKERES MILIÁN Y.;Rolls-Royce PHANTOM;2.924;2.085;1.588;2.282
AOT-460;BOGDÁN AFRODITA E.;Ford E150 CLUB WAGON;3.816;2.231;2.125;2.472
EXJ-567;MOLNÁR ZSERALDINA N.;TOYOTA 4RUNNER 2WD;3.549;4.982;1.473;1.143
GKN-514;BOGNÁR VOLFRAM E.;Ford RANGER PICKUP 2WD;3.395;4.164;4.729;4.744
OJK-270;VERES MARINETTA R.;GM LIMOUSINE;2.87;2.328;1.636;1.92
UGK-875;VÖRÖS ENÉ T.;GM G1500/2500 CHEVY EXPRESS 2WD;1.651;2.769;1.99;1.622
ROF-078;LENGYEL INGMÁR;MERCEDES BENZ SL600;1.639;2.322;2.672;2.433
ESV-228;HORVÁTH KARMEN;MERCEDES BENZ CLK350 (CABRIOLET);1.81;2.126;2.84;1.906
DRB-800;NOVÁK EUTIM H.;AUDI TT ROADSTER;0.622;1.004;4.052;0.85
YEC-881;TÖRÖK DEZSŐ A.;TOYOTA YARIS;2.921;2.9;2.087;2.02
YUG-683;PAP SZILVER N.;TOYOTA HIGHLANDER 2WD;2.495;2.216;2.126;2.838
CUU-768;MÉSZÁROS LORÁND T.;HYUNDAI ELANTRA;2.204;3.246;2.718;1.185
MEN-952;SOÓS CELESZTINA;Ford FOCUS  FWD;2.744;2.393;1.996;2.206
BKW-564;KEREKES ALDA;GM ENVOY 2WD;4.976;4.657;2.359;2.886
TMQ-001;VASS MARINKA;Mitsubishi LANCER SPORTBACK;1.798;1.544;2.588;2.958
SDM-733;JÓNÁS DORINDA;DaimlerChrysler DAKOTA PICKUP 4WD;2.254;2.057;2.281;2.66
GWT-555;HEGEDŰS LIBERÁTUSZ;GM G6;2.257;1.769;2.891;2.914
OTA-622;NAGY RAMÓNA V.;LAND ROVER RANGE ROVER;1.442;2.869;3.067;3.168
NNI-402;DEÁK MÁRTON J.;LAMBORGHINI L-140/715 GALLARDO;2.761;2.975;2.495;2.131
ZRQ-547;OLÁH ZÁJA;Rolls-Royce PHANTOM;2.275;2.904;1.812;1.859
ULB-205;VÁRADI SZIRINGA U.;Ford EXPEDITION 2WD;2.561;2.27;2.431;1.754
CZQ-939;HALÁSZ BLONDINA;Nissan SENTRA;4.227;3.864;0.954;2.248
QPX-954;HEGEDÜS CECILIÁN;Nissan ARMADA 2WD;1.75;2.003;1.644;1.855
GLI-256;BIRÓ ARMILLA S.;DaimlerChrysler SEBRING 4-DR;4.735;4.169;1.238;0.868
KYE-208;MEZEI KRIZANTA J.;BENTLEY ARNAGE;1.961;1.596;2.974;2.706
RNH-116;FÁBIÁN ZORBA Q.;MASERATI COUPE CAMBIOCORSA/GT/G-SPORT;2.81;2.111;2.344;1.526
IJP-934;MEZEI MÁTYÁS X.;GM SRX 2WD;1.579;2.993;2.077;2.914
IOJ-433;SIPOS LIONEL D.;Nissan G35;2.617;2.839;2.035;2.133
OCH-000;GÁSPÁR VOTAN;GM LACROSSE/ALLURE;2.919;2.492;1.576;2.742
PJU-427;NEMES PLATÓN;Nissan ALTIMA;2.157;1.544;2.029;2.77
SFM-291;PINTÉR ODETT;Nissan MAXIMA;1.596;4.681;2.49;4.811
KPX-432;FODOR TULIPÁN;MERCEDES BENZ E55 AMG (WAGON);2.991;2.214;1.831;2.339
JYS-926;VÖRÖS FLAMINA Y.;TOYOTA GX 470;4.732;2.09;1.226;0.754
HWK-335;RÁCZ ARITA I.;MAZDA 3;2.948;2.2;2.536;2.214
GGX-749;KIS BRÁJEN;MERCEDES BENZ SL600;1.59;2.611;2.504;2.749
BYI-635;ILLÉS NESZRIN;DaimlerChrysler WRANGLER/TJ 4WD;1.885;1.656;2.159;2.2
MJO-883;BOROS SZILVI;AUDI GTI;2.911;3.176;1.298;3.95
TRT-315;VASS CSETE;AUDI A4 QUATTRO;2.719;1.547;2.125;2.559
PZI-849;OROSZ SZULAMIT;TOYOTA RAV4 4WD;1.312;3.68;4.597;3.338
ELY-914;BALLA DASZTIN;BMW MINI COOPER S;4.289;4.138;4.625;4.93
NLV-781;SZÜCS VILHELMA T.;TOYOTA TOYOTA TUNDRA 4WD;2.931;2.61;2.6;2.223
CMM-295;BAKOS GOTHÁRD M.;VOLVO S60 FWD;1.785;2.569;1.651;2.215
YNC-047;BODNÁR ALÁN S.;Nissan XTERRA 2WD;1.725;2.975;1.624;2.924
CTA-629;SZŰCS NOA;VOLVO NEW C70 CONVERTIBLE;4.833;0.754;1.958;3.809
XLV-200;KIS LEONARDA;HONDA TL;1.422;4.472;2.537;0.978
VWT-429;MÁRTON METÓD;DaimlerChrysler SEBRING 4-DR;2.282;2.764;2.725;2.69
ERH-389;FEKETE SZÉPE;Nissan M35X;1.714;2.654;1.603;2.722
MAM-087;LUKÁCS ZEBADIÁS;HONDA CIVIC;2.807;2.233;2.423;2.28
JOD-622;BALOGH MODESZTINA S.;HONDA RSX;2.141;2.533;4.138;2.647
KVZ-015;BIRÓ VERKA;KIA SEDONA;1.419;4.708;3.623;1.111
CMV-727;LAKATOS KIEN;KIA SORENTO 2WD;2.73;2.048;1.518;1.553
APD-594;KISS MÁRTON;KIA SORENTO 4WD;2.358;2.614;2.636;2.332
YNA-328;VIRÁG HARI R.;TOYOTA TOYOTA TACOMA 4WD;4.66;4.166;2.894;3.938
MYH-077;HEGEDÜS KERESZTES N.;MAZDA MX-5;1.74;1.961;2.485;2.345
HYS-715;ILLÉS SAROLTA J.;GM 9-3 CONVERTIBLE;1.956;1.656;2.098;1.792
PLQ-052;SÁNDOR BETLEN F.;TOYOTA YARIS;3.643;4.494;3.715;1.082
AJV-106;SÁNDOR DIÓ;VOLVO S40 FWD;1.882;1.72;1.813;1.986
UOD-427;FAZEKAS PONGRÁC B.;GM G1500/2500 CHEVY VAN 2WD;1.576;1.537;2.18;1.939
SUG-015;PAPP DOMONKOS;AUDI A6 QUATTRO;2.627;2.391;1.859;2.109
IUM-641;KOZMA TIFANI K.;BMW X5 4.8IS;2.706;2.588;2.681;2.801
PWN-662;MÁRTON TICIÁN;GM 9-3 SPORT SEDAN;2.524;2.876;1.972;2.678
GIV-453;SZILÁGYI LAVA;DaimlerChrysler PACIFICA 2WD;1.678;2.332;4.821;3.576
SQN-217;HEGEDŰS GRIZELDISZ E.;HYUNDAI SANTAFE 4WD;2.175;2.812;2.365;2.745
LRW-937;FAZEKAS PAULINA G.;TOYOTA RAV4 2WD;4.854;3.384;1.855;3.562
MZO-258;TAKÁCS KERUBIN;MAZDA 6;2.338;1.954;2.523;2.074
BHR-812;SÁNDOR SZEDRIK A.;GM Daewoo VERONA;1.708;2.033;2.502;1.835
HGT-362;VARGA KÁLEB;TOYOTA LS 430;2.45;4.784;2.704;2.473
JWD-352;LUKÁCS BRENDON M.;BMW MINI COOPER;2.353;1.529;1.98;2.804
RUY-042;BORBÉLY LANA;GM Daewoo FORENZA;1.985;2.651;2.3;2.559
DBS-568;KATONA ZEKE;GM ESCALADE 2WD;4.088;1.331;2.278;3.324
UPH-731;BARNA GÉZA;GM C1500 YUKON 2WD;2.12;2.376;2.216;1.584
FKV-144;BIRÓ POMPÓNIA;FUJI LEGACY WAGON AWD;1.549;1.985;1.831;2.657
BLZ-629;SZILÁGYI PALMIRA L.;TOYOTA 4RUNNER 2WD;2.469;2.07;2.036;1.722
OQF-051;FEHÉR CSATÓ;JAGUAR S-TYPE R;2.702;1.705;1.013;1.516
JNK-110;OROSZ RAGNAR;SUZUKI GRAND VITARA XL-7 4WD;1.185;1.302;2.884;1.969
IRK-618;KISS APOL Y.;TOYOTA SIENNA 2WD;2.971;1.504;2.015;2.023
QYG-659;HEGEDÜS DÉNA;TOYOTA 4RUNNER 2WD;2.641;4.374;3.633;0.773
UPH-737;HAJDU ROLLAN U.;TOYOTA CAMRY;2.323;1.577;2.45;2.672
RDA-183;TÓTH KORON R.;BMW 650CI CONVERTIBLE;3.682;1.472;4.496;3.281
NLS-731;NOVÁK LÁZÓ;HONDA TL;1.763;1.977;2.422;1.646
TEK-740;SIMON DAKÓ E.;MERCEDES BENZ CL65 AMG;2.598;2.042;2.371;1.854
NTT-354;ORSÓS GUSZTÁV D.;TOYOTA GS 300 4WD;2.387;1.621;1.591;2.095
YEV-407;GULYÁS SZALÁRD U.;Ford ESCAPE FWD;3.186;2.037;0.817;4.602
OOX-609;BODNÁR APRÓD;TOYOTA SIENNA 4WD;2.189;2.504;2.659;2.647
AVG-442;KELEMEN MÓNA;Ford MARK LT;1.742;2.617;1.717;2.257
LZN-366;BOGDÁN MIZSE E.;GM CTS;2.804;2.473;2.21;2.297
SQM-523;MAJOR GERBERA;LOTUS ELISE/EXIGE;1.743;2.698;1.915;2.1
GYX-126;JUHÁSZ ZINAJDA F.;GM HHR FWD;2.379;2.156;2.563;1.623
SYD-085;DEÁK ARIÉLA G.;Ford FREESTYLE AWD;2.898;2.573;2.254;2.55
NBD-582;MÉSZÁROS HELÉN;HONDA ODYSSEY 2WD;2.774;2.842;1.666;2.654
PXU-370;SZEKERES BURAK E.;GM GTO;1.816;2.894;2.448;2.47
DCR-498;JUHÁSZ IGNÁC V.;MERCEDES BENZ CL65 AMG;2.941;1.662;2.622;1.631
BGU-190;PAPP LEVÉD;TOYOTA RAV4 2WD;2.559;3.51;1.195;4.739
BKJ-629;VIRÁG MANASSÉ I.;HONDA CIVIC;3.28;0.825;0.674;1.757
XNY-720;FÜLÖP EMILIÁNA O.;TOYOTA IS 350;1.19;2.707;0.693;2.201
SLW-886;FODOR SZÓKRATÉSZ;DaimlerChrysler CARAVAN 2WD;3.498;4.056;1.902;0.862
EMY-147;MAJOR ÁBRIS Q.;BMW 325CI CONVERTIBLE;2.101;2.799;2.048;1.667
MVG-773;KEREKES FLORINA P.;MERCEDES BENZ C55 AMG;1.664;2.878;4.92;1.311
BKR-789;FEKETE ELMÁR P.;GM HHR FWD;1.774;1.855;1.658;2.096
GUU-008;HAJDU FERDINANDA;HONDA RL;1.693;2.374;2.017;2.876
RIG-211;KEREKES ABDULLAH I.;GM Daewoo AVEO;2.512;0.595;3.904;4.642
WXY-356;SZALAI KLEMENCIA;Nissan FX35 AWD;2.197;1.912;2.722;1.866
EJX-741;SÁRKÖZI SZIÉNA;MERCEDES BENZ C350;1.842;2.629;1.585;2.484
RTA-595;VARGA ÁRVIN;FUJI IMPREZA AWD;2.865;2.178;1.546;2.212
LGF-186;SÁNDOR SZEBASZTIÁN;DaimlerChrysler SEBRING 4-DR;1.509;2.316;2.099;2.98
NBM-857;SIMON ÁRNIKA;DaimlerChrysler TOWN & COUNTRY 2WD;4.587;2.94;1.525;2.531
DWT-877;FEKETE ADÉL;GM ENVOY 2WD;2.851;2.273;2.588;2.148
GAI-906;KELEMEN RONEL V.;JAGUAR X-TYPE;2.031;2.774;2.71;2.89
TJM-439;SOMOGYI LÓNA Z.;TOYOTA HIGHLANDER HYBRID 2WD;2.273;4.496;1.135;3.546
VTL-166;SIPOS HARSÁNY;GM XLR;2.729;1.549;2.406;2.26
HCV-600;KELEMEN RADÓ J.;Ford THUNDERBIRD;2.582;2.546;1.583;2.625
LKV-824;SZABÓ TEODÓZIA;GM Daewoo FORENZA;2.806;2.912;2.256;1.545
IGY-934;NOVÁK SEBŐK;GM K15 SILVERADO HYBRID 4WD;2.11;2.708;1.727;2.998
OTO-976;KISS RAUL;FERRARI FERRARI 612 SCAGLIETTI;2.219;1.909;1.78;2.597
OAQ-695;LAKATOS ALMÁR L.;AUDI S4 CABRIOLET;2.047;1.615;2.593;2.486
FRC-688;BALÁZS VATA K.;SUZUKI GRAND VITARA XV6 AWD;2.273;4.617;2.326;1.549
GYK-976;SZALAI SZANTIÁGÓ K.;Ford MONTEREY WAGON FWD;2.109;2.358;2.134;1.638
HQK-252;BOROS ANKISZA B.;GM 9-3 SPORT SEDAN;2.198;3.894;1.032;0.801
YWZ-755;NEMES RODRIGÓ T.;GM ESCALADE ESV AWD;1.547;2.945;1.78;2.715
ITF-592;HALÁSZ TEGE;VOLVO XC 90 AWD;2.504;4.071;4.581;1.645
HFU-539;JÓNÁS ZERIND U.;TOYOTA SEQUOIA 4WD;1.637;2.704;1.746;1.982
DOX-138;SZALAI KÁRMÁN B.;GM MONTE CARLO;0.946;0.561;1.343;1.605
DWW-492;VÖRÖS BOD;GM LACROSSE/ALLURE;2.384;1.934;2.449;2.062
YQY-222;BODNÁR ORA;BMW 525I;2.905;2.82;2.172;2.376
ORW-749;RÁCZ KINCSE;JAGUAR S-TYPE R;2.29;2.052;2.646;1.628
EYE-496;BORBÉLY ETE G.;GM GRAND PRIX;1.646;1.864;2.076;1.515
KMZ-296;PÁL EVITA;TOYOTA PRIUS;2.045;1.52;2.638;2.498
WFU-593;FODOR ORSOLYA;GM C1500 YUKON 2WD;2.457;1.676;1.5;4.371
INK-123;MOLNÁR MODESZTUSZ C.;BENTLEY CONTINENTAL FLYING SPUR;2.716;4.384;3.611;2.501
FDS-421;HEGEDÜS VÉTA A.;BMW 330XI;4.254;2.913;1.966;2.409
XZG-364;KOZMA RAJMUND;Nissan M45;4.429;3.599;2.248;2.908
VYW-295;MAGYAR AZARÉL;JAGUAR VDP LWB;2.314;2.11;2.223;1.92
SEB-952;SOMOGYI LÍCIA;GM ENVOY XL 4WD;2.227;2.76;1.824;2.638
MZI-955;KATONA GLENDA;MAZDA 6 SPORT WAGON;1.085;1.683;3.478;1.442
SCM-108;JAKAB AJSA D.;BMW 330CI CONVERTIBLE;2.804;1.675;2.527;2.706
BTU-959;BARTA ROXÁN G.;BMW M3;3.176;2.102;3.816;4.587
YCW-558;JUHÁSZ SZONA;GM I-280 2WD EXT CAB;2.927;2.993;2.969;2.282
OTP-427;MOLNÁR SZIMONETTA;TOYOTA IS 250;2.339;2.905;1.852;2.199
GWV-640;KIS JANNA;TOYOTA TOYOTA TACOMA 2WD;2.885;1.996;1.556;1.902
YNH-414;PÁL JÁDE;BMW 325XI;2.946;2.94;1.75;2.958
ZPT-204;MEZEI NIKÉ X.;GM GRAND PRIX;2.78;1.989;1.962;2.553
SIP-384;MÁTÉ JONATÁN T.;Nissan 350Z ROADSTER;2.045;2.762;2.93;2.165
YJN-123;PINTÉR RUA D.;MERCEDES BENZ MAYBACH 62;2.68;2.04;2.27;2.584
EQY-732;RÁCZ TEOFÁNIA I.;GM K1500 AVALANCHE 4WD;1.782;2.501;2.551;2.273
NEV-198;SOMOGYI REBEKA;Nissan FRONTIER V6-4WD;2.39;1.784;1.962;1.93
HHM-512;ANTAL BALDÓ;GM G15/25CHEV VAN 2WD CONV;2.659;2.577;2.079;2.884
JDB-802;FARAGÓ BORBOLYA;FERRARI FERRARI 612 SCAGLIETTI;2.343;2.907;1.81;2.965
DDV-341;NOVÁK JOACHIM S.;GM EQUINOX AWD;2.33;1.943;2.207;1.76
TEG-398;HALÁSZ SZÍRA;HYUNDAI TUCSON 2WD;1.607;1.954;1.909;2.946
KTS-131;SZEKERES ARCHIBALD F.;BMW MINI COOPER S CONVERTIBLE;2.464;1.62;2.581;2.686
ZVO-317;BÁLINT PÉTER V.;Ford CROWN VICTORIA POLICE;4.686;2.659;4.537;1.07
TYQ-897;BODNÁR ANZELM E.;GM VUE AWD;1.761;1.513;2.053;1.83
FEI-241;PÁSZTOR NEDDA;Ford THUNDERBIRD;2.87;2.344;2.33;1.749
AAO-184;KOZMA SEBŐ L.;MERCEDES BENZ R350;1.652;1.551;2.313;2.079
YWK-359;FEHÉR TANITA;GM ESCALADE 2WD;1.848;1.716;1.979;1.96
LGE-194;FARAGÓ MONA;GM 9-3 CONVERTIBLE;1.793;2.04;2.677;2.884
PIO-495;PATAKI VATA K.;BMW 330CI CONVERTIBLE;1.525;1.814;2.195;2.389
MZM-687;SÁNDOR SZIVÁRVÁNY;MERCEDES BENZ E350;2.226;1.65;1.924;2.356
YEK-942;BIRÓ EGMONT T.;BMW MINI COOPER CONVERTIBLE;2.608;1.719;2.06;2.192
JEY-719;GÁL HIERONIMA;DaimlerChrysler DAKOTA PICKUP 4WD;2.148;2.167;2.781;1.675
RQK-632;SIMON LAMBERT;GM C1500 TAHOE 2WD;1.627;2.155;1.739;2.693
GKU-619;FARKAS KORON Y.;TOYOTA 4RUNNER 4WD;2.888;0.678;2.447;1.081
LNK-504;ORBÁN PÁLOS;HONDA ACCORD HYBRID;2.395;2.879;2.527;2.542
VDX-721;KATONA DIOMÉD;HYUNDAI SANTAFE 2WD;2.642;2.166;1.882;2.561
YOL-857;BOROS RUDOLF;TOYOTA HIGHLANDER HYBRID 4WD;2.984;1.576;2.492;1.758
UAJ-881;SZŐKE LÁSZLÓ;GM SOLSTICE;1.545;0.879;2.79;4.988
DDL-135;VASS KRIZOSZTOM H.;VOLVO S60 FWD;2.906;1.757;2.547;1.528
IRZ-286;FARKAS BENŐ;Ford ESCAPE HYBRID FWD;1.536;2.426;2.691;2.19
RDH-023;FARAGÓ BALASSA;BMW X3;4.844;1.197;4.026;2.752
ZVF-453;FEHÉR LEÁNDROSZ;Ford TOWN CAR;1.717;2.03;2.331;1.924
HZQ-847;BIRÓ MARVIN D.;MERCEDES BENZ SLK280;2.039;1.747;2.4;2.334
PWP-109;ANTAL NÉLIA D.;Nissan SENTRA;2.68;2.134;2.062;1.662
JQR-571;NÉMETH KORNÉL;AUDI A6 AVANT QUATTRO;0.502;1.38;3.616;1.203
ERW-024;VASS FILOTEA L.;BMW 530I;2.848;2.805;2.983;1.943
JOQ-224;KOCSIS ZELINKE B.;DaimlerChrysler CARAVAN 2WD;2.956;2.292;1.757;2.588
OMK-046;HAJDU GYOPÁRKA S.;VOLKSWAGEN TOUAREG;1.682;2.365;1.864;2.283
DKC-592;MÁRTON NAVID;HYUNDAI ELANTRA;1.892;2.905;2.393;1.874
NQI-886;MÁTÉ ZÓLYOM;Nissan SENTRA;2.648;2.863;2.892;2.716
GSA-797;BARTA VILMOS K.;VOLVO S60 AWD;1.968;2.533;2.389;2.653
UUA-050;BOGNÁR FULVIA C.;VOLKSWAGEN NEW BEETLE;1.972;1.867;2.196;1.588
AKB-672;MEZEI JULIANNA Z.;GM C1500 SUBURBAN 2WD;2.541;1.737;2.93;2.273
GBM-182;OROSZ PEGGI W.;Nissan MURANO FWD;1.546;2.045;2.419;2.122
TWH-659;KEREKES BIHAR;GM MONTANA SV6 AWD;2.027;2.41;2.088;2.515
OSD-325;SZŰCS SZOVÁT;HONDA RL;4.267;2.57;1.057;3.123
KJP-748;BOROS ANNA J.;JAGUAR S-TYPE R;2.504;2.125;1.635;2.499
YDS-479;GULYÁS ROBIN;GM G15/25CHEV VAN 2WD CONV;2.366;2.606;1.715;2.51
RAG-609;BAKOS DANILÓ;Nissan M35X;2.431;2.139;1.918;2.297
OTG-507;VÖRÖS ABELÁRD;MERCEDES BENZ C230;1.816;1.755;2.397;2.892
EHM-760;ANTAL BRIANNA;DaimlerChrysler 300C/SRT-8;1.645;1.953;1.809;2.015
KFV-970;ANTAL RAGNA;DaimlerChrysler PACIFICA 2WD;2.744;1.96;2.47;1.55
XYJ-776;SZALAI BETLEN F.;HYUNDAI AZERA;1.557;1.89;1.978;1.632
EKW-393;PAPP DELLA U.;VOLKSWAGEN NEW BEETLE;2.076;1.579;2.468;2.862
SGV-992;GÁL GILBERTA C.;DaimlerChrysler DAKOTA PICKUP 2WD;2.685;2.523;1.796;2.257
TAL-163;VÁRADI BENIEL L.;AUDI A4 QUATTRO;2.3;1.675;2.538;2.867
JHP-448;PÁSZTOR SZIBILLA N.;GM LIMOUSINE;2.241;1.818;1.785;2.166
PTR-206;SZILÁGYI PALOMA;VOLKSWAGEN TOUAREG;1.916;1.685;1.653;2.856
OZB-719;KOVÁCS BOÁZ;GM COLORADO 2WD;4.666;1.677;4.492;1.34
LTX-988;RÁCZ BERNÁRD O.;KIA SPECTRA(LD);2.222;2.715;2.695;1.89
LHG-416;NOVÁK ELGA;GM SSR PICKUP 2WD;1.983;2.318;2.314;1.854
CFS-727;LAKATOS KORNÉL;BMW 760LI;4.886;2.197;2.784;1.605
CRK-750;MÉSZÁROS SZÍRA;AUDI A4;2.932;2.634;2.274;2.866
QYY-984;HEGEDŰS BERGER Y.;Ford EXPLORER 4WD;1.533;2.571;1.923;1.825
AEF-300;PATAKI FREMONT B.;Ford F150 PICKUP 4WD;1.866;2.723;2.078;1.972
EGJ-239;TAKÁCS RÜJA;DaimlerChrysler PACIFICA 2WD;2.914;1.514;2.65;2.009
AKS-419;SZABÓ DEZDEMÓNA;TOYOTA HIGHLANDER 2WD;2.721;2.962;2.297;1.752
DIQ-833;JAKAB SZILVÁNUSZ;GM SRX AWD;3.38;3.457;3.49;3.761
ZTK-749;BALÁZS OROS;Nissan MURANO AWD;2.143;2.037;2.154;2.793
UKK-900;SOÓS HONOR O.;DaimlerChrysler PT CRUISER;4.902;3.208;4.665;4.297
ICW-120;JUHÁSZ ELEONÓRA Y.;AUDI A6 QUATTRO;2.31;2.836;1.993;2.032
GQI-139;ORSÓS REMÉNYKE A.;BMW 525XI;2.088;4.754;1.785;3.314
WVU-608;HORVÁTH EMILIÁN X.;Nissan XTERRA 4WD;1.55;2.1;1.936;1.956
XKU-142;GÁSPÁR NARCISSZA J.;MAZDA 6;1.609;2.951;1.993;2.885
SHK-666;MAGYAR ÉCSKA;Nissan FRONTIER V6-4WD;2.66;2.966;2.075;1.515
CKB-660;ANTAL PANNI O.;TOYOTA RX 400H 4WD;1.059;1.274;0.935;2.026
PFW-868;GÁL JOLA;MERCEDES BENZ C350;1.487;4.904;3.969;1.51
RKJ-391;LÁSZLÓ MIKÁN B.;FERRARI F430;2.78;2.78;1.643;2.797
PRG-516;JUHÁSZ SZÓRÁD S.;BMW 525XI;0.5;2.587;4.467;4.201
YCK-572;JÓNÁS PASZKÁLIA W.;BMW 330I;2.641;2.32;2.497;2.12
LRF-221;ILLÉS DEVANA;AUDI S4 CABRIOLET;1.956;2.103;1.766;2.345
IHS-783;DUDÁS VAJDA;HYUNDAI ELANTRA;2.852;2.98;3.613;4.4
AWN-213;SZILÁGYI JULIÁNA;AUDI A4 AVANT QUATTRO;2.745;2.108;2.345;1.871
STS-067;TÓTH BARTA Y.;DaimlerChrysler DAKOTA PICKUP 4WD;1.729;2.676;2.503;1.517
OWT-909;SOÓS ANNAKARINA;GM TRAILBLAZER 4WD;2.044;1.652;2.798;1.867
YEG-584;LÁSZLÓ ADRIÁN;Mitsubishi GALANT;1.429;4.639;3.192;1.164
QIV-644;SZABÓ FÁBIÓ;DaimlerChrysler RAM 1500 PICKUP 4WD;1.78;2.129;2.358;2.261
DPP-806;TAKÁCS ERIK;Nissan SENTRA;1.931;1.96;2.986;2.318
ELC-382;SZABÓ SUDÁRKA;BMW 530XI SPORT WAGON;4.257;3.285;2.473;2.619
XIW-650;TAMÁS ILIÁSZ F.;MERCEDES BENZ E500;2.701;2.154;2.677;2.469
FHV-229;SZÉKELY SZALÓK S.;TOYOTA AVALON;2.231;1.713;2.673;2.687
HNW-933;JAKAB ARION K.;Ford THUNDERBIRD;2.384;2.935;1.838;2.837
FMK-310;KIS TIMON L.;DaimlerChrysler SEBRING 4-DR;2.076;2.695;1.634;1.514
RDO-790;SIMON TEOBALDA A.;Ford MILAN;1.975;1.75;1.725;1.892
XRL-762;BORBÉLY BONI G.;KIA SORENTO 2WD;1.599;1.948;2.823;2.429
GUU-645;ANTAL ANNALIZA;Ford MONTEREY WAGON FWD;1.785;1.975;2.22;1.636
AVH-552;NÉMETH ZAMFIRA;Ford MILAN;2.765;2.457;2.409;2.278
FAF-579;SZILÁGYI NIKOLASZ U.;DaimlerChrysler DAKOTA PICKUP 2WD;2.042;2.14;1.563;2.011
JSA-877;KATONA LUCIÁN;MERCEDES BENZ E350 (WAGON);2.018;2.819;2.73;2.392
HBC-817;DEÁK KAPOLCS B.;VOLKSWAGEN TT ROADSTER QUATTRO;2.189;2.446;1.593;2.689
RLI-094;MOLNÁR GAURA;BMW X3;4.899;2.861;3.8;3.403
DSK-865;SZALAI ALADÁR X.;BMW 525XI;1.542;2.329;1.969;2.284
ZRE-844;NOVÁK TARDOS G.;Ford F150 FFV  2WD;2.844;2.595;2.943;1.845
XYX-077;LENGYEL ARIANA;Ford FREESTYLE FWD;1.636;1.758;4.072;4.087
KJL-167;FODOR ALEXA E.;GM G6;2.996;2.674;2.733;2.031
GLZ-276;FARAGÓ AMÁLIA;MERCEDES BENZ E350 4MATIC;2.617;1.744;1.548;2.323
VDD-143;HAJDU CSATÓ;VOLKSWAGEN NEW BEETLE CONVERTIBLE;1.635;3.961;1.752;2.014
ALO-392;NÉMETH SZILAS;LAND ROVER LR3;2.87;1.655;2.009;2.267
BDF-470;JUHÁSZ BENDEGÚZ;MERCEDES BENZ E320 CDI;2.153;1.944;2.526;1.781
EAJ-396;OROSZ DOMONKOS;Ford E150 CLUB WAGON;2.476;2.066;2.84;2.492
LMK-190;LUKÁCS ALOJZIA O.;Nissan Q45 SPORT;4.231;4.981;3.231;3.282
IVT-774;MEZEI LORELLA Q.;GM VUE AWD;0.689;1.12;4.608;2.595
DXZ-110;NEMES LŐRINC;Nissan SENTRA;1.774;2.254;2.892;1.527
NLT-175;BOGDÁN ILDEFONZ P.;JAGUAR X-TYPE;2.424;1.501;1.887;2.462
ISE-341;FARAGÓ PLATINA Y.;MERCEDES BENZ SLR;2.992;2.29;2.922;2.601
FIM-583;BAKOS TÜNDI N.;Nissan QUEST;2.506;4.988;3.414;2.472
UQK-378;HEGEDÜS ARIELLA D.;MERCEDES BENZ MAYBACH 62;4.404;4.551;1.18;4.591
UMK-147;KEREKES ÁNYOS J.;HYUNDAI SANTAFE 4WD;2.838;2.682;2.451;1.741
KGO-569;PINTÉR DRUZSIÁNA E.;Nissan 350Z ROADSTER;1.531;1.782;2.933;2.322
RYO-846;BOGDÁN IVÓ D.;MERCEDES BENZ E350;2.799;2.04;2.227;2.064
HXV-063;PÁL DOLORÓZA T.;GM RENDEZVOUS AWD;2.074;2.161;1.685;2.686
GST-299;MÁTÉ BEREC H.;TOYOTA TOYOTA TUNDRA 2WD;2.796;4.913;2.537;3.22
DWR-998;BUDAI ALIDA;GM GRAND PRIX;2.255;2.132;2.707;1.26
KIP-824;PÁL MÚSZA W.;LAMBORGHINI L-147/148 MURCIELAGO;2.768;3.582;2.692;4.092
ABT-594;SÁNDOR ERNESZTA;Ford FREESTYLE AWD;1.935;2.518;2.806;2.879
ECL-217;PAP ENGELBERT;Ford FREESTYLE FWD;2.147;2.194;2.513;3.885
CJL-686;ORSÓS NÍLA B.;MERCEDES BENZ C230;2.416;2.154;1.829;2.376
MYQ-786;PÁSZTOR ZURIEL;GM 9-3 SPORT SEDAN;1.607;2.216;1.912;1.899
GFB-182;KISS ZORA;GM G1500/2500 CHEVY VAN 2WD;2.082;1.857;2.672;2.646
XND-602;BAKOS BOLESZLÁV F.;AUDI GTI;2.517;1.784;2.52;1.525
MPS-806;NEMES TALAMÉR;SUZUKI GRAND VITARA XL-7 4WD;2.55;2.207;2.56;2.45
XZU-494;VERES SZENDIKE;MERCEDES BENZ ML350;2.139;2.827;1.516;2.759
QLB-665;FÜLÖP JUTKA A.;TOYOTA TOYOTA TUNDRA 2WD;2.211;3.781;3.683;3.557
QOZ-596;NAGY ILDIKÓ C.;KIA SORENTO 2WD;2.676;2.017;1.609;2.126
JNK-742;SZALAI LUCINDA N.;FERRARI FERRARI 612 SCAGLIETTI;2.099;0.76;3.559;2.363
EEI-324;BORBÉLY SEBESTYÉN;Ford TAURUS;2.717;1.673;2.136;2.276
MGZ-135;SOÓS SAKIRA R.;LAND ROVER RANGE ROVER SPORT;4.349;3.852;4.606;1.119
NXD-182;BALÁZS HARGITA;BMW 525I;3.136;1.522;4.298;4.451
BHX-856;MÁRTON VIKTORINA;HONDA S2000;2.145;2.342;2.11;2.865
QVF-598;NAGY RENÁTA Y.;GM G1500/2500 CHEVY EXPRESS 2WD;2.051;1.896;1.97;2.434
JUK-922;GÁL KELÉN O.;DaimlerChrysler LIBERTY/CHEROKEE 2WD;1.615;1.698;2.102;2.428
ISP-082;TÓTH KADICSA;DaimlerChrysler GRAND CHEROKEE 4WD;2.397;1.796;2.766;1.611
RWB-156;TÓTH DRAGAN;MAZDA MPV;2.014;4.454;3.138;1.872
YRE-012;FODOR PIROS;TOYOTA ES 330;2.416;2.132;1.602;2.012
LXT-723;GULYÁS KARA A.;Nissan MAXIMA;2.088;2.693;1.968;1.532
YUX-999;NOVÁK RADISZLÓ N.;PORSCHE CAYMAN S;1.753;2.332;2.492;2.169
SON-487;TÓTH SEBŐ;HYUNDAI SANTAFE 2WD;3.766;0.774;3.622;3.032
UCD-061;TÓTH GILBERT U.;GM ENVOY XL 4WD;1.691;4.928;2.838;4.421
NSV-047;VÁRADI PÁZMÁN;GM C1500 SUBURBAN 2WD;2.539;4.09;1.536;2.819
GMP-412;SZÜCS OSSZIÁN;Mitsubishi LANCER SPORTBACK;3.464;4.378;0.587;0.987
GPH-522;SZŰCS EDINA J.;Ford NAVIGATOR 2WD;2.713;2.214;2.773;2.293
RCG-720;PAP HÉRA T.;JAGUAR XK8 CONVERTIBLE;2.101;2.742;1.851;1.616
EFG-027;NÉMETH CSOMA;GM MALIBU;2.595;2.04;2.829;2.23
BGP-155;GÁL ROZALINDA B.;Spyker Automobielen BV C8 SPYDER;1.64;2.495;2.6;2.315
RRP-105;VARGA DEZSŐ P.;MERCEDES BENZ SL600;2.049;2.281;2.054;2.685
WRE-919;MÉSZÁROS NOEL;HONDA CIVIC HYBRID;2.967;1.974;2.284;2.477
JSQ-771;BÁLINT NIMÁI S.;PORSCHE CAYENNE TURBO;1.787;2.406;2.143;2.689
CKQ-642;PATAKI MIRA D.;BMW 330I;1.385;4.012;4.905;1.809
CIB-174;SÁRKÖZI DANIELLA O.;TOYOTA IS 250;1.525;2.831;2.982;2.923
GDT-209;NÉMETH ANATÓLIA I.;Spyker Automobielen BV C8 SPYDER;2.046;0.571;2.982;1.529
JNE-785;PINTÉR MANÓ O.;HONDA TSX;2.348;2.174;1.604;2.256
IKT-574;PATAKI DOV;MERCEDES BENZ E500;1.627;2.707;1.824;1.743
DET-597;FEKETE JUCI W.;VOLVO XC 90 AWD;2.159;1.94;1.792;1.55
JSR-473;NÉMETH HIPPIA O.;HONDA CIVIC;3.532;1.56;3.817;2.185
DIF-262;TÓTH MINKA;FUJI OUTBACK AWD;2.65;2.537;1.682;2.149
VZI-781;BARTA LAMBERTA G.;DaimlerChrysler GRAND CHEROKEE 4WD;2.53;2.531;2.567;1.681
VIW-560;FÜLÖP NALANI J.;GM CORVETTE;0.963;2.402;4.629;3.977
AMQ-860;SZEKERES DIÓ H.;Ford B4000 4WD;2.701;1.541;2.732;2.117
EVQ-665;MÉSZÁROS ARANYKA B.;Spyker Automobielen BV C8 SPYDER;4.472;1.692;0.797;1.109
DVB-391;LENGYEL APOSTOL K.;GM UPLANDER FWD;2.346;1.505;1.593;2.519
RCD-340;GÁSPÁR DAMJÁNA G.;GM GTO;1.589;2.626;2.672;1.904
QXN-314;NOVÁK AJTONY M.;GM COLORADO 4WD;4.412;2.244;4.322;4.343
YEX-031;DEÁK ROBINA;VOLKSWAGEN GOLF;1.884;2.41;2.228;1.822
SWB-932;MEZEI NIKOSZ;PORSCHE CAYMAN S;2.98;2.189;2.814;1.624
BPC-883;LAKATOS KARION G.;MERCEDES BENZ CLK350;2.291;1.892;1.696;2.759
LOJ-313;HALÁSZ MADLEN E.;BMW X5;2.912;2.22;2.107;2.235
ATD-960;JÓNÁS BRÚTUSZ;Ford ESCAPE HYBRID 4WD;2.017;2.353;2.586;1.656
YYS-222;PATAKI AMARILLA;LOTUS ELISE/EXIGE;3.129;4.641;2.71;1.698
FOG-601;GÁL ILNA;VOLKSWAGEN TT COUPE QUATTRO;2.579;1.664;2.55;1.614
OHQ-383;GÁL ANDON;Ford F150 PICKUP 4WD;2.92;2.026;2.732;4.293
KDA-087;MEZEI TILDA P.;Nissan G35;4.225;4.654;1.069;1.275
PMY-334;PÁL TERENC S.;Ford ESCAPE FWD;2.536;2.231;2.588;1.92
GFF-785;DEÁK ANABELLA;Nissan FX35 AWD;2.662;1.69;2.662;2.013
OXL-503;SZABÓ GALLUSZ Z.;BMW 325XI;2;2.966;1.678;2.685
ZIW-509;GÁSPÁR ABDON A.;PORSCHE CAYENNE TURBO;1.718;1.854;1.505;1.919
FMZ-356;LÁSZLÓ LUKRÉCIA;HYUNDAI AZERA;1.527;2.424;2.216;1.967
SAY-658;BÁLINT SZKARLETT R.;MERCEDES BENZ SLK280;3.806;4.998;4.551;4.014
AKH-673;BALOG DENIZA;Ford GRAND MARQUIS;2.824;2.75;2.125;2.029
KGX-009;FEHÉR ZSADÁNYKA A.;HONDA TSX;2.101;2.401;2.306;2.887
ZUP-341;DUDÁS FABRÍCIUS;GM EQUINOX AWD;1.508;2.584;1.703;1.791
QUN-495;FEKETE KOLUMBUSZ Z.;MERCEDES BENZ E350;3.341;1.392;0.595;3.068
RKP-027;TAKÁCS GYÖRGY;TOYOTA SIENNA 4WD;2.648;2.016;2.592;2.028
VMM-569;BALOG ANNARITA J.;Ford B4000 4WD;2.862;2.552;2.08;2.456
ELP-112;LÁSZLÓ RAJMUND;VOLVO S60 FWD;2.979;2.763;2.271;2.009
QSJ-768;SZILÁGYI MALAKIÁS;GM C1500 SUBURBAN 2WD;1.526;2.803;2.913;2.561
QSW-626;GULYÁS VLADEK;GM Daewoo AVEO;2.742;1.931;2.641;2.884
YXG-196;BÁLINT NORMA;MAZDA 6;2.914;2.041;2.121;2.122
YYR-317;SÁNDOR KEÁN;MAZDA 6 SPORT WAGON;2.962;2.72;2.629;2.83
UAR-903;NEMES AMADEUSZ G.;GM TRAILBLAZER AWD;4.085;1.066;3.785;2.36
GRX-601;FEHÉR MÉRA;Nissan ARMADA 2WD;2.416;1.972;2.46;2.206
GCT-127;BORBÉLY ODIL P.;GM STS;1.106;3.509;3.713;1.358
JOW-570;BUDAI RAMÓN;Nissan M35X;4.815;1.78;2.528;2.264
ILF-433;VARGA BARNA G.;TOYOTA SCION XA;2.281;2.694;4.552;0.945
PBT-467;JÓNÁS METÓD;MERCEDES BENZ C230;2.307;1.776;2.059;2.011
QRI-622;NEMES ANNARÉKA W.;Ford THUNDERBIRD;2.242;2.787;1.823;1.8
CEB-695;BALLA BAZIL V.;HONDA S2000;2.823;1.833;2.737;2
QLG-654;FARAGÓ EVICA U.;Nissan Q45;2.458;2.875;2.956;1.789
JTI-549;OROSZ SEMJÉN B.;FUJI OUTBACK AWD;1.738;1.92;1.929;1.817
CAK-155;LAKATOS JOHANÁN;BMW 325I;2.589;2.606;2.703;1.968
ZUZ-381;PINTÉR GAZSÓ;Ford FOCUS STATION WAG;2.276;2.246;2.553;1.534
FTB-884;KIRÁLY JÓB X.;JAGUAR XK8 CONVERTIBLE;2.985;1.749;2.468;2.136
SRE-346;MÁRTON AMELI Y.;BMW 330CI CONVERTIBLE;1.562;0.562;3.021;1.787
FXF-680;JUHÁSZ KOLOZS L.;Spyker Automobielen BV C8 SPYDER;2.767;2.946;2.191;2.356
VSM-150;BARNA BÁJRON S.;JAGUAR S-TYPE R;2.84;2.794;1.645;1.526
KDP-795;SZILÁGYI EVETKE;TOYOTA AVALON;1.516;2.05;1.913;2.17
PIH-993;NAGY ISUA;TOYOTA TOYOTA TACOMA 4WD;2.59;2.49;2.357;1.717
HFW-062;SÁRKÖZI AJÁD;MERCEDES BENZ SLR;2.54;1.046;1.955;3.49
CCR-824;VASS DZSENIFER;MAZDA 6 SPORT WAGON;1.241;4.861;4.428;2.028
GZG-228;SZILÁGYI SZÉPA;KIA RIO;3.131;1.079;4.024;2.554
KAS-808;SIMON BOTTYÁN;Ford FOCUS STATION WAG;1.562;2.051;2.782;2.505
LXR-123;JÓNÁS CECÍLIA;Mitsubishi MONTERO;2.479;2.372;2.049;2.304
ZSO-131;VIRÁG SZAFIA N.;VOLVO XC 90 AWD;2.648;1.862;2.503;2.134
TJD-816;FODOR LÁZÓ T.;HONDA MDX 4WD;4.907;2.603;4.117;4.02
DNO-259;VERES VIDA R.;DaimlerChrysler PACIFICA 2WD;2.877;2.829;4.211;2.371
PJY-768;SZÉKELY ORION P.;BMW Z4 3.0SI;2.601;1.566;2.694;2.876
PXH-544;VERES MERCÉDESZ W.;DaimlerChrysler VIPER CONVERTIBLE;1.877;3.368;4.201;3.434
MSS-081;SZÜCS ALBA;JAGUAR S-TYPE R;2.879;1.677;1.811;1.825
PCZ-239;BUDAI JOACHIM Z.;JAGUAR S-TYPE 3.0 LITRE;1.448;1.936;3.629;2.845
LEG-204;OLÁH NALANI;JAGUAR XKR CONVERTIBLE;0.82;0.854;3.557;4.107
LMC-244;BUDAI MEGGI R.;GM LACROSSE/ALLURE;1.524;2.164;1.842;2.35
AHA-078;MÉSZÁROS FERDINÁND;MERCEDES BENZ C350 4MATIC;2.533;2.952;2.689;2.638
RFN-152;ILLÉS HORÁCIÓ Y.;ASTON MARTIN V12 VANQUISH S;3.798;4.855;3.159;3.169
HBZ-451;PAP DUSENKA U.;Nissan FRONTIER V6-2WD;2.395;1.899;1.583;2.403
JYC-586;KEREKES ÁDOMÁS A.;DaimlerChrysler WRANGLER/TJ 4WD;2.557;4.93;3.88;3.844
YQQ-995;SZILÁGYI DEZSIDER;GM MONTANA SV6 AWD;2.391;2.399;1.575;2.713
JEW-525;KOCSIS CSOBÁN M.;MERCEDES BENZ SL600;2.067;1.85;1.536;2.11
CSA-608;KEREKES MONA;BMW 530XI SPORT WAGON;1.89;2.006;1.864;1.52
RWB-455;FODOR PATONY E.;MERCEDES BENZ SLK280;4.204;2.348;1.415;0.826
FJJ-944;ILLÉS ÁLMOS O.;TOYOTA SCION TC;2.046;2.126;2.221;1.582
UMW-101;TAMÁS KOLJA;Nissan Q45;0.828;0.869;1.999;4.241
TTX-595;SZÉKELY BIBIÁNA L.;Ford MOUNTAINEER 4WD;2.437;1.071;3.085;2.691
OLS-020;BUDAI AMINTA O.;MASERATI QUATTROPORTE;2.111;1.823;2.553;2.803
JPH-611;JÓNÁS KAMÉLIA E.;DaimlerChrysler RAM 1500 PICKUP 2WD;2.323;1.674;2.129;2.042
XAI-490;BALOGH SZIGFRID I.;DaimlerChrysler RAM 1500 PICKUP 4WD;2.931;1.655;1.952;2.756
ERR-137;SZŐKE ADALIND S.;TOYOTA IS 250 AWD;2.94;2.569;1.537;2.668
DYL-393;SÁNDOR ÁLVÁRÓ L.;GM C1500 TAHOE 2WD;1.734;1.742;2.654;1.956
IDZ-236;OROSZ LIRA H.;GM 9-3 CONVERTIBLE;1.997;2.246;1.503;2.988
UUU-647;BALÁZS NORKA;TOYOTA TOYOTA TUNDRA 4WD;2.982;1.823;1.792;2.408
HTR-899;VASS AMAR I.;TOYOTA RAV4 4WD;2.604;0.658;1.976;1.953
VYP-287;TÓTH ÜLLŐ D.;VOLVO V70 FWD;2.596;4.438;1.251;2.586
OXN-647;MOLNÁR TERESTYÉN M.;Nissan MURANO AWD;4.88;4.969;0.648;0.779
RAE-008;PAPP LEMMI S.;Mitsubishi LANCER SPORTBACK;1.516;2.049;1.753;2.033
YTS-118;SÁRKÖZI ELENOR Y.;GM COLORADO 4WD;2.869;2.774;2.867;2.251
XII-950;VASS SZELIM L.;BMW 750LI;2.589;2.57;1.938;2.544
QYL-565;KOCSIS KLEOFÁS T.;GM IMPALA;2.264;2.291;1.687;2.864
TBQ-745;VARGA PEÓNIA;BMW Z4 M ROADSTER;2.382;1.521;2.998;1.598
UCR-220;KOCSIS TORONTÁL;JAGUAR S-TYPE 3.0 LITRE;1.668;2.757;2.777;2.364
ZAV-950;SZILÁGYI ZAFIRA G.;MERCEDES BENZ C280 4MATIC;2.363;2.981;1.665;2.981
SHL-740;MEZEI SZILVIUSZ;VOLKSWAGEN GOLF;1.888;2.976;2.981;2.732
DBV-318;FARKAS NERGÁL A.;HONDA TL;1.838;2.136;2.527;2.89
MIZ-324;FEKETE ÁRSZEN;MERCEDES BENZ E320 CDI;2.008;2.154;1.88;1.693
TFF-290;BODNÁR SZANTÍNÓ Y.;MERCEDES BENZ ML500;1.528;2.933;1.698;1.887
RXY-796;BALÁZS ZINA;GM COLORADO 2WD;2.735;1.937;1.59;2.636
PMS-973;JAKAB KOND;MERCEDES BENZ E320 CDI;1.391;1.782;4.092;4.122
YJC-398;SOÓS SZÓKRATÉSZ M.;FUJI BAJA AWD;2.25;1.881;2.456;1.57
XPS-802;BALÁZS VAJTA B.;Nissan PATHFINDER 2WD;2.071;2.695;2.491;2.766
URD-406;SIMON AMBRÓ;BMW 530I;2.394;1.833;1.682;2.315
PYW-236;BUDAI HONÓRIUSZ I.;Ford MOUNTAINEER 4WD;1.252;2.394;2.724;2.797
XKZ-169;ILLÉS SZÉPE P.;GM 9-3 SPORT SEDAN;1.865;3.418;2.298;2.595
YTT-178;ILLÉS KAROLA D.;PORSCHE BOXSTER S;2.707;1.937;1.808;2.581
KTS-407;OLÁH ZÉNÓ;TOYOTA AVALON;3.589;1.903;0.976;4.801
ROY-312;SZŐKE KORIOLÁN;BMW M5;1.675;2.814;1.655;2.126
EWF-661;FEHÉR TIBORC C.;Ford FOCUS  FWD;2.509;3.747;4.079;1.734
UZR-951;SZÉKELY BARACK;TOYOTA ES 330;0.604;2.163;3.915;1.832
WIC-884;BOGNÁR HUNORKA B.;PORSCHE CAYENNE;2.753;0.905;3.885;1.097
EWQ-782;DEÁK FREDERIK;VOLKSWAGEN PHAETON;2.569;2.452;2.75;2.553
NXZ-136;KOVÁCS FERDINANDA M.;Nissan FX45 AWD;1.546;2.866;2.936;2.92
OLL-096;LÁSZLÓ TÜNDE E.;ASTON MARTIN V8 VANTAGE;2.635;2.257;2.187;2.634
JHB-405;FEKETE ANDELINA;TOYOTA IS 250 AWD;2.41;4.606;2.034;4.9
EZE-763;KATONA OTMÁR W.;JAGUAR XKR CONVERTIBLE;2.172;2.159;2.104;2.464
XBT-672;LÁSZLÓ DELI Z.;GM 9-3 SPORT SEDAN;2.38;1.694;2.459;2.662
WPN-464;PÁSZTOR ÁPRIL A.;GM SOLSTICE;2.512;1.506;2.911;1.995
LSE-863;ORSÓS PATRIK R.;Ford E150 ECONOLINE 2WD;2.998;2.353;2.544;2.876
LFV-128;LENGYEL TIMUZSIN;SUZUKI GRAND VITARA XL-7;1.812;2.967;2.438;2.853
WZE-168;RÁCZ MÁNUEL;GM TRAILBLAZER 4WD;1.887;2.115;1.761;2.001
PKQ-946;SIPOS KOLOZS;Nissan PATHFINDER 2WD;2.45;1.846;2.176;2.162
JHT-746;FAZEKAS ZELINE;GM 9-3 SPORT SEDAN;2.526;2.475;1.799;1.741
QQE-752;SIMON TRISZTÁN;TOYOTA IS 250;2.868;2.735;1.678;2.501
WDX-003;GÁL ANNALÉNA N.;VOLKSWAGEN TT COUPE QUATTRO;2.16;1.848;2.254;1.76
MLV-837;MÁTÉ TUZSON M.;Nissan MAXIMA;1.801;1.692;2.908;2.804
QHK-826;SÁRKÖZI ILANG E.;FUJI B9 TRIBECA AWD;1.957;2.104;4.026;4.338
TPS-951;MEZEI BAKSA;Nissan XTERRA 2WD;2.411;2.258;1.88;1.823
SUS-794;FEHÉR ANDREINA N.;MAZDA 3;2.948;1.777;2.368;2.234
MOC-770;FARKAS PIPPA G.;VOLVO S60 AWD;2.954;2.466;2.85;2.441
LVL-769;FÁBIÁN MÁRIÓ;Mitsubishi LANCER;1.736;2.577;2.732;1.835
FVU-475;PAP HÁJIM;MERCEDES BENZ CLK55 AMG (CABRIOLET);2.375;1.527;1.514;1.937
VIN-171;GÁL KADICSA;BMW 650CI;4.229;2.383;3.722;3.781
NKL-026;KISS TACITUSZ;BMW MINI COOPER S CONVERTIBLE;2.696;1.586;1.122;4.708
GHC-158;PATAKI REGŐ Z.;MERCEDES BENZ C280 4MATIC;2.077;2.181;2.518;2.968
VQR-420;SZALAI TIVÁN D.;SUZUKI GRAND VITARA XL-7;1.567;2.64;2.433;2.519
TYK-909;RÁCZ KATALINA;HONDA ELEMENT 4WD;4.138;3.55;1.687;2.356
OAD-593;LENGYEL JOZEFIN;Mitsubishi MONTERO;2.594;2.673;2.79;2.888
NSQ-350;MÉSZÁROS JOLÁNTA;GM GTO;4.181;2.298;2.532;3.393
JUJ-383;SZILÁGYI KOZIMA;TOYOTA RAV4 2WD;1.802;2.206;1.957;1.795
UPL-323;PINTÉR PINTYŐKE;VOLVO S60 AWD;2.302;1.802;1.506;1.574
VCG-309;OROSZ KUNTI;GM SRX AWD;2.991;1.99;2.169;2.348
ZZT-882;KISS KITÁN;TOYOTA IS 350;4.395;1.042;3.713;1.323
WXH-502;KOCSIS TOBÁN K.;Nissan M35X;3.363;2.026;3.49;4.959
ZIJ-927;KEREKES ULISSZESZ;FERRARI FERRARI F141;1.672;1.779;1.79;2.073
IED-797;JÓNÁS ZÁJA P.;Ford F150 PICKUP 2WD;2.784;2.61;2.671;2.364
VAN-882;GÁL ÁBRÁM V.;GM Daewoo FORENZA;2.202;1.681;2.517;2.723
WQA-224;GÁSPÁR DEMETRIA;Ford NAVIGATOR 2WD;1.979;2.81;2.746;2.993
OSA-027;MAGYAR KALIPSZÓ V.;GM Daewoo FORENZA WAGON;1.645;2.69;2.413;1.844
DWR-035;NAGY ANDORÁS S.;Nissan Q45;2.394;2.588;3.624;4.726
PWF-088;BARNA PÁRIS A.;JAGUAR VDP LWB;2.79;2.775;2.128;2.625
LKL-260;KIS PIUSZ;BMW 525XI;1.618;2.038;2.383;1.709
OYM-235;MÁTÉ SZANGÍTÁ B.;Nissan XTERRA 2WD;0.897;0.545;2.118;1.48
WHX-501;KOZMA ADALBERTA;VOLVO S40 AWD;2.197;1.604;1.599;1.558
PNG-952;VERES ÖRSI B.;DaimlerChrysler PT CRUISER;3.432;1.056;3.37;3.14
LYA-763;FARKAS IVÁN P.;GM SSR PICKUP 2WD;2.951;2.361;2.94;2.611
CZM-433;VERES ÁRKÁD V.;VOLVO S60 FWD;2.002;1.626;2.251;2.511
MOT-944;NEMES ANATOL;VOLVO XC 70 AWD;4.062;3.962;3.497;1.927
MJN-202;KEREKES KÁRMEN X.;GM TRAILBLAZER AWD;1.039;3.53;0.74;3.534
DAI-454;KOZMA BAJÁN;VOLVO V70 R AWD;1.716;2.262;2.547;2.776
BDF-675;KOCSIS BJÖRN F.;BMW 650CI;2.78;2.573;2.877;1.946
VUE-392;VINCZE KRIZIA;Mitsubishi GALANT;2.327;2.89;1.742;2.884
XJA-367;BORBÉLY ULRIK Z.;DaimlerChrysler GRAND CHEROKEE 2WD;1.937;2.586;1.621;2.342
IHC-105;SOMOGYI LILIÁN U.;MERCEDES BENZ SLR;2.364;1.783;1.795;1.506
YKM-991;LENGYEL SZILVÁNA X.;GM EQUINOX AWD;2.157;1.8;2.983;2.434
OHY-286;CSONKA HERMAN L.;Rolls-Royce PHANTOM;2.801;2.168;2.667;2.635
ALJ-624;VIRÁG ARACS O.;MERCEDES BENZ C280;2.532;2.777;1.951;1.688
GJT-646;JUHÁSZ SZILVÉR W.;HONDA PILOT 4WD;4.58;3.656;4.633;1.579
ODR-862;SOMOGYI ROBINZON Y.;TOYOTA 4RUNNER 4WD;4.625;2.233;4.718;3.248
RKK-887;HEGEDŰS SZIBILL F.;HYUNDAI ELANTRA;3.027;0.766;3.752;2.155
TIM-025;PATAKI JÁKÓ K.;DaimlerChrysler WRANGLER/TJ 4WD;4.863;1.42;3.186;4.444
MQG-481;SZALAI FODOR H.;MASERATI QUATTROPORTE;0.549;1.527;1.677;3.913
HFJ-460;MOLNÁR VIRGÍNIUSZ;FUJI LEGACY WAGON AWD;1.604;1.998;2.039;2.747
GSZ-175;KIRÁLY ERZSI X.;VOLVO V70 R AWD;2.374;1.567;1.846;2.987
